[
  {
    "messageID": "1234567890",
    "recipient": "+27123456789",
    "messageText": "hey!",
    "messageHash": "26f97ec0eeeb8697023ea904725353baf9a688bc38f0e37b9e638dc8e67f9a0e"
  },
  {
    "messageID": "1234567890",
    "recipient": "+27831112222",
    "messageText": "Stored message test",
    "messageHash": "fffe86e293f3eae9d79fe82bf3f5e788e6d4e2d62d362eecb5f651cb45cd0909"
  },
  {
    "messageID": "1234567890",
    "recipient": "+27831112222",
    "messageText": "Stored message test",
    "messageHash": "fffe86e293f3eae9d79fe82bf3f5e788e6d4e2d62d362eecb5f651cb45cd0909"
  },
  {
    "messageID": "1234567890",
    "recipient": "+27831112222",
    "messageText": "Stored message test",
    "messageHash": "fffe86e293f3eae9d79fe82bf3f5e788e6d4e2d62d362eecb5f651cb45cd0909"
  },
  {
    "messageID": "0987643212",
    "recipient": "+27123456789",
    "messageText": "hey Siyo!",
    "messageHash": "84cbe5ad145dc6659a4386ce45a5d410a3559cf048f4a7a61dd3d714f63356f9"
  }
]